Name,Month,Date,Year,Source
r/Beatingwomen,June,9,2014,
r/Braincels,September,30,2019,
r/CreepShots,,,,
r/CringeAnarchy,April,25,2019,
r/DarkNetMarkets,March,21,2018,
r/Deepfakes,,,,
r/FatPeopleHate,,,,
r/Gore,,,,
r/Greatawakening,,,,
r/GunsForSale,,,,
r/Incels,,,,
r/Jailbait,,,,
r/Jakolandia,,,,
r/MillionDollarExtreme,,,,
r/Pizzagate,,,,
r/Physical_Removal,,,,
r/SanctionedSuicide,,,,
r/SonyGOP,,,,
r/Shoplifting,,,,
r/"The ""Chimpire""",,,,
r/TheFappening,September,,,,
r/WatchPeopleDie,,,,
r/CBTS_Stream,March,14,2018,,,,
r/1000000DChess,,,,
r/109Subreddits,,,,
r/1350,,,,
r/14HonksIn88Clowns,,,,
r/2XAgainst_HateSubs,,,,
r/32CountyIrelandMemes,,,,
r/33rdDegreeElders,,,,
r/absolutelynotme_ira,,,,
r/ABugsLife,,,,
r/AccidentalDeaths,,,,
r/AFwithNJF,,,,
r/AgainistMDEgenocide,,,,
r/AgainstFagSubreddits,,,,
r/AgainstTheLGBTQ,,,,
r/AgeplayPenPals2,,,,
r/AgePlayPenPals4,,,,
r/AF_GROyPER,,,,
r/ancap2,,,,
r/AnCap_Imperialism,,,,
r/antifafrenworld,,,,
r/antitraa,,,,
r/Anti_LGBTQIAA,,,,
r/Apustaja2,,,,
r/ApuSupportGroup,,,,
r/ApuVerse,,,,
r/ApuWorld,,,,
r/AyTone,,,,
r/BabyGreenFrogLand,,,,
r/Beating_Trannies,,,,
r/beniswater,,,,
r/BiblicQ,,,,
r/BiglyShookleSubreeme,,,,
r/billionshekelsupreme,,,,
r/BIOPIC,,,,
r/BOOMERGRILL,,,,
r/BraincelsReborn,,,,
r/brawlcels,,,,
r/brocels,,,,
r/bruhfunnysatellite,,,,
r/BSSmemes,,,,
r/BSSneverdies,,,,
r/BuddyPlanet,,,,
r/bug_world,,,,
r/CaesarsSecondLegion,,,,
r/Celouts,,,,
r/CensoredWorld,,,,
r/chadfishreborn,,,,
r/ChapoBouncyHouse,,,,
r/ChapoClopHouse,,,,
r/ChapoDetected,,,,
r/ChapoTeaHouse,,,,
r/chapotraphouse13,,,,
r/ChapoTrapHouse38,,,,
r/ChapoTrapHouse39,,,,
r/chapotraphouse40,,,,
r/ClownBouncyHouse,,,,
r/ClownWorldStar,,,,
r/ClownWorldWar2,,,,
r/ClownWorldWarII,,,,
r/ClownWorldWar3,,,,
r/clownwurld,,,,
r/Clown_World_,,,,
r/Clown_____World,,,,
r/clown________world,,,,
r/clown__________world,,,,
r/clown___________world,,,,
r/CLUBMDE,,,,
r/CocaineCola,,,,
r/continuityme_ira,,,,
r/Contont,,,,
r/CosyRightWing,,,,
r/CrackerTrotHouse,,,,
r/cringeanarchy4,,,,
r/CringeAnarchy5,,,,
r/cringeanarchy6,,,,
r/CringeAnarchyism,,,,
r/CringeAnarchyPart2,,,,
r/cringeanarcy,,,,
r/CringeChaos,,,,
r/CringeHaven,,,,
r/CringeManarchy,,,,
r/CyberpunkDilbert,,,,
r/DarwinsDisgraced,,,,
r/deaddolls,,,,
r/DeathInTheShadows,,,,
r/DebateChadRight,,,,
r/decillionpoundbeam,,,,
r/DefNotwpd,,,,
r/DepressedVirgins,,,,
r/DisabledReddit,,,,
r/Dlrownerf,,,,
r/DocumentingDeath,,,,
r/DocumentingDeathV2,,,,
r/Doc_Reality_Death,,,,
r/DoomEternalOfficial,,,,
r/DT_2020,,,,
r/EconomicStatsnComics,,,,
r/EndTransLives,,,,
r/EndTransRights,,,,
r/enoughinternet10,,,,
r/EnoughInternet12,,,,
r/enoughinternet13,,,,
r/EnoughInternet14,,,,
r/enoughinternet15,,,,
r/EnoughInternet2,,,,
r/Enoughinternet3,,,,
r/EnoughInternet4,,,,
r/enoughinternet5,,,,
r/enoughinternet6,,,,
r/enoughinternet7,,,,
r/EnoughInternet8,,,,
r/enoughinternet9,,,,
r/EnoughInternetMeta,,,,
r/enoughinternets,,,,
r/enoughinternetz,,,,
r/Enoughinternet_,,,,
r/EpicHeaters,,,,
r/EverythingWorld,,,,
r/fatpeoplehate1,,,,
r/fatpeoplehate114,,,,
r/fatpeoplehate18,,,,
r/fatpeoplehate19,,,,
r/Fatpeoplehate3,,,,
r/fatpeoplehate4,,,,
r/fatpeoplehate5,,,,
r/fatpeoplehate61,,,,
r/fatpeoplehate64,,,,
r/fatpeoplehate8,,,,
r/Fatpeoplehate9,,,,
r/FatPeopleMate_,,,,
r/fatplanethate,,,,
r/fernworld,,,,
r/FindBannedSubreddits,,,,
r/Fragile13pctRedditor,,,,
r/FragileChosenRedditor,,,,
r/FrenGalaxy,,,,
r/frenhaven,,,,
r/FrenHouse,,,,
r/frenland,,,,
r/FrenLore,,,,
r/FrenlyWorld,,,,
r/frennworld,,,,
r/Frenoplasty,,,,
r/FrenParadise,,,,
r/FrenPlayPenPals,,,,
r/FrensOfColor,,,,
r/frenworld3,,,,
r/frenworld4,,,,
r/frenworld5,,,,
r/frenworld6,,,,
r/Frenworld7,,,,
r/Frenworld999999999999,,,,
r/FrenWorldWar,,,,
r/frogwhistling,,,,
r/gargantuandetestation,,,,
r/GasTheJews,,,,
r/Geekcels,,,,
r/GettingRacistsBanned,,,,
r/GorrilionRupeeTariq,,,,
r/Gory,,,,
r/GoysGoneWild,,,,
r/greatawakening2,,,,
r/greatest_awakening,,,,
r/GREATqAWAKENING,,,,
r/Grillthrone,,,,
r/groyper,,,,
r/Groypers,,,,
r/gruesomevideos,,,,
r/GulpingSoylent,,,,
r/HallmarkFanClub,,,,
r/happyfrogfrens,,,,
r/HBDstats,,,,
r/HeroicWaterHeaters,,,,
r/Hierarchal_Anarchism,,,,
r/holdmycoffin,,,,
r/holdmyfuneral,,,,
r/homophobes2,,,,
r/HomophobiaDiscussion,,,,
r/homo_phobes,,,,
r/HondaCivicLovers,,,,
r/honkler2,,,,
r/hormelcoffee,,,,
r/HundredDollarExtreme,,,,
r/HundredPesoPipedream,,,,
r/HundredRupeeMeme,,,,
r/HydeNationalism,,,,
r/HYPERWACKYTICTACS,,,,
r/Ice_Poseidon15,,,,
r/Ice_Poseidon4,,,,
r/Ice_Poseidon5,,,,
r/Ice_Poseidon6,,,,
r/ice_poseidon7,,,,
r/Ice_Poseidon8,,,,
r/Ice_Poseidon9,,,,
r/ihateNiggersJews,,,,
r/incels3,,,,
r/InfoWarriorsUnited,,,,
r/Insubs,,,,
r/IP2RentFree,,,,
r/IPCJ,,,,
r/IPCJ2,,,,
r/IRSOpenUp,,,,
r/IslamicDiscussion,,,,
r/I_Like_DonaldTrump,,,,
r/JesterPlanet,,,,
r/JokerMovieFanPage,,,,
r/KikeTown,,,,
r/LandOfBuddies,,,,
r/Laserdisk,,,,
r/lawless_wasteland,,,,
r/leftycringe,,,,
r/LegoGhostYoda,,,,
r/Legoyoda2,,,,
r/Legoyoda3,,,,
r/legoyodaforever,,,,
r/legoyodaketamine,,,,
r/LegoYodaLastStand,,,,
r/legoyodalore,,,,
r/Lego_Yoda,,,,
r/leroy,,,,
r/lgbtcels,,,,
r/LiberalShame,,,,
r/LiteRareFrogsNStuff,,,,
r/MassDigitalEvolution,,,,
r/MDEchinaconnect,,,,
r/MDEevasion,,,,
r/mdeneverdies,,,,
r/meira,,,,
r/MemeWarRoom,,,,
r/merchantmemes,,,,
r/Mike_Delta_Echo,,,,
r/millionclownanarchy,,,,
r/MillionCommonBream,,,,
r/milliondollarbabies,,,,
r/MillionDollarCraft,,,,
r/milliondollarextreme0,,,,
r/milliondollarextreme3,,,,
r/milliondollarextreme4,,,,
r/milliondollarextreme5,,,,
r/milliondollarextreme7,,,,
r/milliondollarextreme8,,,,
r/milliondollarextreme9,,,,
r/milliondollarmemes,,,,
r/MillionDollarXtreme,,,,
r/Millionpotatodream,,,,
r/MillionShekelExtreme,,,,
r/Mindcels,,,,
r/MorbidTimes,,,,
r/Mr_Trump,,,,
r/MultipleDogDabEbin,,,,
r/NatlPaleoConservative,,,,
r/negroadolfmemes,,,,
r/NeovaginaDisaster,,,,
r/Nerfworld,,,,
r/NETWORKSPIRITUALITY,,,,
r/newfatpeoplehate,,,,
r/NewRhodesia,,,,
r/New_Donald,,,,
r/New_The_Donald,,,,
r/Nickernation2,,,,
r/NickFuentasDiscoHour,,,,
r/Niggerandhitlerjokes2,,,,
r/niggerandhitlerjokes3,,,,
r/niggerandhitlerjokes5,,,,
r/niggerandhitlerjokes6,,,,
r/niggerandhitlerjokes7,,,,
r/niggersfacts,,,,
r/None_LGBT,,,,
r/notwatchpeopledie,,,,
r/numbercurrencysize,,,,
r/ObesePeopleDislike,,,,
r/OctillionKronerTheme,,,,
r/OffensiveMemes2,,,,
r/OffensiveMemes3,,,,
r/OffensiveMemess_,,,,
r/OfficialCringeAnarchy,,,,
r/Okbuddyfreedom,,,,
r/OnlineDatingCringe,,,,
r/OurGreatestStrength,,,,
r/opienanthonyXYZ,,,,
r/paradigmshift2070,,,,
r/Patriarchal_Anarchism,,,,
r/PeacefulSub,,,,
r/peoplebeingkilled,,,,
r/Plan__S,,,,
r/powerfulbadboys,,,,
r/PozDoctors,,,,
r/PozzEarth,,,,
r/PrayersForQ,,,,
r/promisedsub,,,,
r/Q4U,,,,
r/qanon2,,,,
r/QAnon4LIBERTY,,,,
r/QClearanceAnon,,,,
r/QuadrillionEuroEsteem,,,,
r/Quincels,,,,
r/quqanon,,,,
r/rarefrens,,,,
r/realanarchy,,,,
r/RFcollectors,,,,
r/RealBrutalWorld,,,,
r/Roastieland,,,,
r/RomanDinarQuadreme,,,,
r/RossDepartmentStore,,,,
r/SailsburySteakEaters,,,,
r/SamHydeFanClub,,,,
r/SamHydeFans,,,,
r/Schizomemes,,,,
r/scorch,,,,
r/ScroogeWorld,,,,
r/SeededVermin,,,,
r/SeePeopleKilled,,,,
r/selfharmvids,,,,
r/SHCCNR,,,,
r/sholice,,,,
r/ShrewWorld,,,,
r/Shrew_World,,,,
r/ShrikeWorld,,,,
r/SmuckersUncrustables,,,,
r/SpezisaNigger,,,,
r/steampunkgarfield,,,,
r/StoneToss,,,,
r/stonetosscomics,,,,
r/StoneToss_Official,,,,
r/Stopnoticingthings,,,,
r/strangerstatistics,,,,
r/Strange_Statistics,,,,
r/StunningOilFilters,,,,
r/TardTalesII,,,,
r/ThankQ,,,,
r/tha_pit,,,,
r/tha_pit_x5,,,,
r/TheClownWorld,,,,
r/TheGreatWakeUp,,,,
r/ThePatriotArk,,,,
r/thestorm,,,,
r/thestormishere,,,,
r/The_Donald2,,,,
r/The_Donald420,,,,
r/the_donald_honk_honk,,,,
r/The_Hyde,,,,
r/The_Mr_Trump,,,,
r/The_naldDo,,,,
r/ThousandDenarRegime,,,,
r/thousanddollarextreme,,,,
r/ToadTank,,,,
r/Tr1ll1onYanGXTreme,,,,
r/tranny_hate,,,,
r/Tranny_Shoah,,,,
r/Transfaggots,,,,
r/TransPride,,,,
r/TrapChopHouse,,,,
r/TrapoChopHouse,,,,
r/TrillionDollarExtreme,,,,
r/trillionrubelregime,,,,
r/TrillionRubleRegime,,,,
r/TrillionShekelMaximum,,,,
r/TrillionShekelSupreme,,,,
r/TwentyDollarExtreme,,,,
r/TwoGooseSounds,,,,
r/Underground_TrenRoad,,,,
r/unpopularnews,,,,
r/watchhumansdie,,,,
r/watchpeopled1e,,,,
r/WatchPeopleDie4,,,,
r/Watchpeopledie5,,,,
r/watchpeopledie6,,,,
r/watchpeoplegodead,,,,
r/waternegros,,,,
r/Waternigga,,,,
r/waterniggards,,,,
r/Waterniggas2,,,,
r/waterniggas3,,,,
r/waterniggas4,,,,
r/waterniggas5,,,,
r/wfma,,,,
r/WhiteOnly,,,,
r/WhiteSurvivalFetish,,,,
r/WGOBG,,,,
r/wightsonly,,,,
r/WPD,,,,
r/WPD2,,,,
r/WPD3,,,,
r/WPE,,,,
r/WPGK,,,,
r/Yuber,,,,
r/zensurlos,,,,
Unmoderated:,,,,
r/8chan,,,,
r/Accidental_Porn,,,,
r/AFragileBlackRedditor,,,,
r/AganistHateSubreddits,,,,
r/AgainstLGBTrights,,,,
r/AgainstPedoEnabling,,,,
r/ageplaypals,,,,
r/AgePlayTales,,,,
r/AgoraMarket,,,,
r/ANAL_AWW,,,,
r/AntiJewish,,,,
r/Antipathy,,,,
r/AntiTransgender,,,,
r/any,,,,
r/ateme,,,,
r/azis,,,,
r/Bad_Nigger_No_Welfare,,,,
r/Banned_News,,,,
r/BBW_AWW,,,,
r/BigBoobsOnTopGW,,,,
r/BigBooties,,,,
r/billiondollarextreme,,,,
r/BlackCrimesMatter,,,,
r/Blacksonmyfamily,,,,
r/boomerwojak,,,,
r/BrickHouse,,,,
r/CandidFashionPolice,,,,
r/Cannibals,,,,
r/Ccccc,,,,
r/ChapoTrapHouse22,,,,
r/chapotraphouse88,,,,
r/ChimpireMETA,,,,
r/ChimpireOfftopic,,,,
r/chimpmusic,,,,
r/ChurchFuck,,,,
r/ChurchOfAntisemitism,,,,
r/ClownWorld,,,,
r/comedygore,,,,
r/CreepShots14,,,,
r/creepshots5,,,,
r/CringeAnarchyRPG,,,,
r/CumSwallowersHeaven,,,,
r/deadgirls,,,,
r/EndAntifaNow,,,,
r/EndVaccination,,,,
r/Ethnic_Porn_Flicks,,,,
r/european,,,,
r/Faggotfilter,,,,
r/FatPeopleHate03,,,,
r/FatPeopleHate04,,,,
r/FatPeopleHate05,,,,
r/FatPeopleHate06,,,,
r/FatPeopleHate07,,,,
r/fatpeoplehate118,,,,
r/FatPeopleHate123,,,,
r/Fatpeoplehate129,,,,
r/fatpeoplehate30,,,,
r/FatPeopleHate32,,,,
r/FBRedditor,,,,
r/frenworld2,,,,
r/FuckingDogs,,,,
r/FuckWhitePeople,,,,
r/fuckyeahsexyteens,,,,
r/funnyniggers,,,,
r/GallowboobWatch,,,,
r/GAY_ACT,,,,
r/GirlsWearingBras,,,,
r/Gook,,,,
r/GreatAbos,,,,
r/GreatApes,,,,
r/hanging,,,,
r/Hatepire,,,,
r/hentaivids,,,,
r/HolocaustRevisionism,,,,
r/HolocaustRevisionist,,,,
r/honkhonk,,,,
r/Horsey,,,,
r/hottestvoyeurs,,,,
r/HulkHoganFans,,,,
r/IHateBlindPeople,,,,
r/Incelselfies,,,,
r/incestexperiences,,,,
r/Interracial_Hardcore,,,,
r/IsmaaiylBrinsley,,,,
r/Ismaaiyl_Brinsley,,,,
r/I_LOVE_NIGGERS,,,,
r/jailbait2,,,,
r/jailbait3,,,,
r/jmaamusic,,,,
r/JustThreeBoobs,,,,
r/kikefilter,,,,
r/lesbians1,,,,
r/liberal_irl,,,,
r/lolicops,,,,
r/Loli_Toes,,,,
r/MadisonScott,,,,
r/Maturearmpits,,,,
r/MayocideActionNow,,,,
r/MelGibsonFans,,,,
r/milliondollarextreme2,,,,
r/Mouth2CumGoodStuff,,,,
r/murdochmurdoch,,,,
r/murdoch_murdoch,,,,
r/Mussolini,,,,
r/n1663r5,,,,
r/n1gg3r5,,,,
r/Necrophile,,,,
r/necrophilia,,,,
r/negrofilter,,,,
r/NegroFree,,,,
r/niggateenposts,,,,
r/niggerandhitlerjokes,,,,
r/NiggerCartoons,,,,
r/niggercock,,,,
r/NiggerDocumentaries,,,,
r/NiggerFacts,,,,
r/niggerfunny,,,,
r/niggerhistorymonth,,,,
r/niggers3,,,,
r/NiggersNews,,,,
r/niggerspics,,,,
r/niggersstories,,,,
r/NiggersTIL,,,,
r/NIGGER_HATE,,,,
r/NlGGER_HATE,,,,
r/NosesOfNewYork,,,,
r/NoTorso,,,,
r/NSBM,,,,
r/NSFWFirearms,,,,
r/NSFW_PORNSTARXXX,,,,
r/obesepeoplehate,,,,
r/OffensiveMemes,,,,
r/onedirectionbreaking,,,,
r/pantysellinguk,,,,
r/physicalremoval,,,,
r/picsofdeadhorses,,,,
r/PinkWojak,,,,
r/preteen,,,,
r/PrettyShapes,,,,
r/private,,,,
r/Race_reality,,,,
r/RacistNiggers,,,,
r/rapists,,,,
r/redditniggerfilter,,,,
r/redditsoccer,,,,
r/redditsoccer_pl,,,,
r/Reddit_Hates_Niggers,,,,
r/Sand_Niggers,,,,
r/ScroogeLand,,,,
r/seashell,,,,
r/SelfHarmCuts,,,,
r/sextape_central,,,,
r/sexwithcats,,,,
r/shemale_tgirl,,,,
r/SHHHHHEEEEEEEEIIIITT,,,,
r/shityiffinhellsays,,,,
r/sissyboys,,,,
r/softcore_booty,,,,
r/spicfilter,,,,
r/spictown,,,,
r/SportsJerseyGirls,,,,
r/StrangeStatistics,,,,
r/stuffedholes,,,,
r/suicidalthoughts,,,,
r/suicidehelp,,,,
r/suicidenotes,,,,
r/superwackytictacs,,,,
r/SwedenYes,,,,
r/teenapers,,,,
r/TGIRL_AWW,,,,
r/tha_pit_pit,,,,
r/tha_pit_pit_pit,,,,
r/theyrejustlikeus,,,,
r/The_Donald9,,,,
r/TheFrenPill,,,,
r/thegoldenratio,,,,
r/TheRacistRedPill,,,,
r/thinpeoplehate,,,,
r/Trade_Route_DNM,,,,
r/video_girls,,,,
r/WatchPeopleDieOutside,,,,
r/WatchPeoplePassAway,,,,
r/WelfareWatch,,,,
r/We_hate_niggers,,,,
r/we_hate_niggs,,,,
r/Whitetopia,,,,
r/WhitePride,,,,
r/White_Pride,,,,
r/WorldStarHP,,,,
r/wouldyoufuckmymom,,,,
r/WTFniggers,,,,
r/YouCanSayNigger,,,,
Violent content:,,,,
r/1040808DChess,,,,
r/1350IsPrettyNifty,,,,
r/2meirl4cubed_meirl,,,,
r/3rdMusic,,,,
r/AccidentaISuicide,,,,
r/AerialWhaleWatching,,,,
r/AgainstDomesticAbuse,,,,
r/AgainstSingleMothers,,,,
r/altrightdogelore,,,,
r/altrightwebm,,,,
r/Alt_Anti_LGBT,,,,
r/AnarchoPrimitivist,,,,
r/AnimalGore,,,,
r/antifa,,,,
r/AntiLGBTQplus,,,,
r/apewrangling,,,,
r/ArbeitMachtFrei,,,,
r/BasedMusic,,,,
r/Ben_Garrison,,,,
r/blackcrime2,,,,
r/blackextinctionfetish,,,,
r/blood,,,,
r/brasilchan,,,,
r/brentontarrant2,,,,
r/BrentonTarrantFanClub,,,,
r/BrentonTarrantisAgod,,,,
r/BurnTheCoalPayTheToll,,,,
r/ChadRight,,,,
r/ChapoFrenHouse,,,,
r/ChineseSupremacy,,,,
r/ChuckE2009,,,,
r/CleanPolitik,,,,
r/clown__world,,,,
r/DaddyJustGetsLonely,,,,
r/DailyStormerCom,,,,
r/danknatsocmemes,,,,
r/deathtoamerica,,,,
r/death_to_niggers,,,,
r/deadleak,,,,
r/DebateFascism,,,,
r/drwilliampierce,,,,
r/DyingToBeFat,,,,
r/edefreiheit,,,,
r/EnoughInternet,,,,
r/EverySingleTime,,,,
r/fascist,,,,
r/FashArt,,,,
r/FashPropaganda,,,,
r/fashwave,,,,
r/fornoreasonatall,,,,
r/FuckAllBlackPeople,,,,
r/FUCKNlGGERS,,,,
r/fuckthatshit,,,,
r/FurryHateFederation,,,,
r/FurryhateNEO,,,,
r/GaysRbad,,,,
r/GenZuncensored,,,,
r/GoEbola,,,,
r/gorememes,,,,
r/GorillionYuanDream,,,,
r/GoyimDefenceForce,,,,
r/HateOnBlacks,,,,
r/hezbollah,,,,
r/hitlerdidnothingwrong,,,,
r/hitlerisgood,,,,
r/HoldMyGravestone,,,,
r/honkler,,,,
r/Hoppeanism,,,,
r/HundredZero,,,,
r/ISlamMyCousin,,,,
r/JamesAlexFields,,,,
r/Jason_Harrison,,,,
r/JewExtinctionFetish,,,,
r/JewishQuestion,,,,
r/Jordan_Mitchell,,,,
r/KillWhitey,,,,
r/KillYourselfFaggot,,,,
r/LefterSharperEdgier,,,,
r/LeftistsGoRIP,,,,
r/legomasteryoda,,,,
r/Legoyoda,,,,
r/legoyodabackup,,,,
r/LolQaeda,,,,
r/MagicOvens,,,,
r/MaleForeverAlone,,,,
r/MassMurderMemes,,,,
r/mdememes,,,,
r/me_ira,,,,
r/MillionDollarAnarchy,,,,
r/milliondollarextreme,,,,
r/milliondollarextreme6,,,,
r/Most_Toxic_Community,,,,
r/Most_Toxic_Community2,,,,
r/N1GGERS,,,,
r/NatAnCap,,,,
r/NationalAction,,,,
r/NationalismRA,,,,
r/National_Ancaps,,,,
r/NAZBOLGANG,,,,
r/NAZI_ANCAP,,,,
r/Necrophilia_Lite,,,,
r/necroporn,,,,
r/NecroZoo,,,,
r/NeoPlasminExchange,,,,
r/newshp,,,,
r/NickerNation,,,,
r/Niggerandfaggotmemes,,,,
r/niggerandhitlerjokes4,,,,
r/NiggerAndHitlerJokes9,,,,
r/niggerhitlerjokes11,,,,
r/niggerhitlerjokes12,,,,
r/Niggers1488,,,,
r/NiggersJewsBad,,,,
r/NiggersJewsBadNews,,,,
r/NIGGERS_GO_TO_HELL,,,,
r/nlggerholocaust2,,,,
r/NukeAllFaggots,,,,
r/PatriotsMusic,,,,
r/poltards,,,,
r/racewar2014,,,,
r/racewar2015,,,,
r/RacistMeme,,,,
r/rahowa,,,,
r/realhomophobes,,,,
r/ReallyWackyTicTacs,,,,
r/reeeeeemes,,,,
r/runebooks,,,,
r/schoolshootermemes,,,,
r/seepeoplenotlive,,,,
r/selfharmclips,,,,
r/ShockCulture,,,,
r/SiegeCulture,,,,
r/skinheadmusic,,,,
r/Spez_Rapes_Children,,,,
r/StormArea51,,,,
r/StormfrontForums,,,,
r/SubOfPeace,,,,
r/Teletubby,,,,
r/TheBlackQuestion,,,,
r/TheDogPill,,,,
r/TheDonald_,,,,
r/TheProjects,,,,
r/TNB,,,,
r/TradRight,,,,
r/Transrights,,,,
r/vault88,,,,
r/Volkisch,,,,
r/VonderritMyers,,,,
r/watchpeopledie3,,,,
r/whiteextinctionfetish,,,,
r/WhiteIdentity,,,,
r/whitereddit,,,,
r/WhiteWorldOrder,,,,
r/wholesomemurders,,,,
r/WilliamChapman,,,,
r/WPDtalk,,,,
Harassment:,,,,
r/AganistGayMarriage,,,,
r/AngryWhiteMenistan,,,,
r/Anti_LGBTQIA,,,,
r/Anti_LGBT_CN,,,,
r/apeniggers,,,,
r/AsianFemaleHate,,,,
r/basedchadfish,,,,
r/BlackHusbands,,,,
r/Blackniggercock,,,,
r/BlackPillCentral,,,,
r/Blueskin,,,,
r/Braincels,,,,
r/brentkaskel,,,,
r/BritishJewishPower,,,,
r/chadfish,,,,
r/chadfishing,,,,
r/CoonLand,,,,
r/DazzlingDoggos,,,,
r/DecencyAgainstLGBT,,,,
r/DeformedBabies,,,,
r/Delraymisfits,,,,
r/DeportWhitePeople,,,,
r/Deport_The_Mayos,,,,
r/DigitalAgeNiggers,,,,
r/DropTheTea,,,,
r/EatShitGallowBoob,,,,
r/EpicAirConditioners,,,,
r/FragileBlckRedditor,,,,
r/fragilejewishredditor,,,,
r/FragileLGBTQRedditor,,,,
r/FuckHedgeWikTheNazi,,,,
r/fuckmayosandwhites,,,,
r/FunnyNigger,,,,
r/gallowboobarchive,,,,
r/GallowBoobFanClub,,,,
r/gallowboobsux,,,,
r/GallowPoop,,,,
r/GentilesUnited,,,,
r/gibsmedat,,,,
r/GreypoJerkTalkDiamond,,,,
r/Hardunpopularopinon,,,,
r/HateBlackPeople,,,,
r/HateIsWack,,,,
r/hedgewik,,,,
r/holocaust,,,,
r/Homophobes,,,,
r/Ice_Poseidon2,,,,
r/Ice_Poseidon3,,,,
r/Identitarians,,,,
r/IHateJewishPeople,,,,
r/IHateMidgets,,,,
r/ihateniggers420,,,,
r/IHateWhitePeople,,,,
r/IncelGraveyard,,,,
r/Incelistan,,,,
r/ItalianHate,,,,
r/I_Hate_White_People,,,,
r/jerktalkdiamond,,,,
r/jewishbeauty,,,,
r/JewishPower,,,,
r/JEWTEST,,,,
r/JustBeWhite,,,,
r/kangznsheeit,,,,
r/kike,,,,
r/Loungers,,,,
r/misogyny,,,,
r/NeovaginaDisasters,,,,
r/Newcontrovsubs,,,,
r/niggabruh,,,,
r/niggafunny,,,,
r/niggamoment,,,,
r/niggas,,,,
r/nigger2,,,,
r/NiggerDrama,,,,
r/niggerhaters,,,,
r/NiggerHolocaust,,,,
r/niggerrebooted,,,,
r/niggerreddit,,,,
r/NiggerSafari,,,,
r/NiggersAreAWESOME,,,,
r/NiggerFaggotsUnited,,,,
r/NiggerMythology,,,,
r/nogallowbooballowed,,,,
r/peniswater,,,,
r/PissEarthBegins,,,,
r/Polistan,,,,
r/QueensAndShit,,,,
r/Quranimals,,,,
r/RacistMemes,,,,
r/Rapefugees,,,,
r/RealChadFish,,,,
r/RealNiggaGangShit,,,,
r/SelfAwareChimps,,,,
r/SocioEconomics,,,,
r/SoricidaeDiscussion,,,,
r/Spez_Rapes_Kids,,,,
r/SubForNiggersOnly,,,,
r/SubforWhitePeopleOnly,,,,
r/tardtales,,,,
r/TennisGorilla,,,,
r/The19thMistake,,,,
r/TheGoyimKnow,,,,
r/ThotAudit,,,,
r/TIL_4_Niggers,,,,
r/TinderExperiments,,,,
r/TrannyJannieTaskForce,,,,
r/TypicalNiggerBehavior,,,,
r/USBlackCulture,,,,
r/VaccineTerrorists,,,,
r/WelfareMammies,,,,
r/welovelandoflobsters,,,,
r/WhereMyNiggersAt,,,,
r/YouDoneNowBlacky,,,,
r/ZOG,,,,
Prohibited goods or services:,,,,
r/AeroDNM,,,,
r/AgMarketplace,,,,
r/Agora_Market,,,,
r/AKMarketplace,,,,
r/ar15deals,,,,
r/BazaarMarkets,,,,
r/beertrade,,,,
r/BrassSwap,,,,
r/cagunexchange,,,,
r/canadagunsEE,,,,
r/CigarMarket,,,,
r/Clonazolam,,,,
r/DankNation,,,,
r/DarkMarketsBrasil,,,,
r/DarkNetDeals,,,,
r/darknetfraud,,,,
r/DarkNetMarketIndia,,,,
r/DarkNetMarkets,,,,
r/DarkNetMarketsLinks,,,,
r/DarkNetMarketsNO,,,,
r/DarkNetMarketsNoobs,,,,
r/DarkNetReviews,,,,
r/DarkWeb,,,,
r/DarkWEBforum,,,,
r/DeepnetMarkets,,,,
r/Defense_Distributed,,,,
r/DIY_classifieds,,,,
r/dnDreamMarket,,,,
r/DNJobs,,,,
r/DNMAUS,,,,
r/DnmEU,,,,
r/DNMIndia,,,,
r/DNMSuperlist,,,,
r/DNMTurkey,,,,
r/DNMVendorReviews,,,,
r/DNSTARS,,,,
r/DreamMarketDarknet,,,,
r/DreamMarketplace,,,,
r/Escorts,,,,
r/Gatdeals,,,,
r/GunnitForward,,,,
r/Gunsforsale,,,,
r/gun_deals,,,,
r/illegal,,,,
r/KratomCowboys,,,,
r/maleescorts,,,,
r/MarketInvites,,,,
r/MdmaMayhem,,,,
r/MoreThanEtizolam,,,,
r/MuchReferrals,,,,
r/NovelDissos,,,,
r/paidreviews,,,,
r/pipetobaccomarket,,,,
r/prostitutes,,,,
r/RCSources,,,,
r/ResearchVendors,,,,
r/ScotchSwap,,,,
r/secretsniper,,,,
r/SexWithHookers,,,,
r/Stealing,,,,
r/steroidsourcetalk3,,,,
r/SugarBabies,,,,
r/SugarDaddy,,,,
r/swapsell,,,,
r/SyntheticTHC,,,,
r/TheAgoraMarket,,,,
r/TorMarketplaces,,,,
r/TradeRouteDNM,,,,
r/TradeRouteOfficial,,,,
r/TradeRoute_Market,,,,
r/WeedDeals,,,,
r/wickr,,,,
r/winetrade,,,,
r/Xanaxcartel,,,,
r/ZionMarket,,,,
r/Zion_Market,,,,
Proliferation of violent content:,,,,
r/Apefrica,,,,
r/Bestiality,,,,
r/ChimpinAintEasy,,,,
r/Chimpout,,,,
r/didntdonuffins,,,,
r/DylannRoofInnocent,,,,
r/europeannationalism,,,,
r/fagworldproblems,,,,
r/FascistsUnited,,,,
r/far_right,,,,
r/FatAutisticNiggers,,,,
r/Fuck_Niggers,,,,
r/FULLFASCISM,,,,
r/gayzoo,,,,
r/hematolagnia,,,,
r/hitler,,,,
r/HurtingAnimals,,,,
r/ifukmydog,,,,
r/killthejews,,,,
r/KKK,,,,
r/klukluxklan,,,,
r/LedariusWilliams,,,,
r/NationalSocialism,,,,
r/NatSoc,,,,
r/nazi,,,,
r/NiggerNet,,,,
r/NiggersGIFs,,,,
r/nomorals,,,,
r/PicsOfCanineVaginas,,,,
r/PicsOfDeadKids,,,,
r/PicsOfHorseDicks,,,,
r/PicsOfHorseVaginas,,,,
r/pol,,,,
r/polacks,,,,
r/RacoonsAreNiggers,,,,
r/ReallyWackyTicTacs,,,,
r/selfharmpics,,,,
r/SexWithDogs,,,,
r/sexwithhorses,,,,
r/SexyAbortions,,,,
r/tailbait,,,,
r/terencewalker,,,,
r/The_Nazi,,,,
r/TrayvonMartin,,,,
r/Truecels,,,,
r/truesexwithdogs,,,,
r/watchanimalsdie,,,,
r/WhiteRights,,,,
r/whitesarecriminals,,,,
r/WhiteSmite,,,,
r/zoogold,,,,
r/zoophilia,,,,
r/zoosexuality,,,,
Spam:,,,,
r/bestoflesbians,,,,
r/Best_porn_online,,,,
r/Blondes_Sexy_Porn,,,,
r/EPL1,,,,
r/EPL_Streamss,,,,
r/extralunchmoney,,,,
r/getchango,,,,
r/GiantessAnime,,,,
r/Gif_Sexy_Porn_xxx,,,,
r/gif_xxx,,,,
r/Infowars,,,,
r/kutabare,,,,
r/mde,,,,
r/melania_trump_nude,,,,
r/Melanie_Trump_nudes,,,,
r/MILF_MATURE_PORN,,,,
r/nbastreams_,,,,
r/NSFW_FemDom,,,,
r/NSFW_Gifs_porn_TV,,,,
r/nsfw_porno,,,,
r/nsfw_sexo_teen,,,,
r/NSWF_Anal_Teens,,,,
r/Porno_GirlsNude,,,,
r/Porn_Amateur_Hot,,,,
r/porn_bts,,,,
r/porn_sex_sexfight,,,,
r/QanonAndJFKjr,,,,
r/QGreatAwakening,,,,
r/RedditSoccer_EPL,,,,
r/RepKicks,,,,
r/Sexy_Blondes_Hot,,,,
r/Sexy_Blondes_NFSW,,,,
r/Sexy_Whores_NFSW,,,,
r/SoccerStreaming,,,,
r/SoocerStream,,,,
r/Thargoids,,,,
r/Webm_Porn,,,,
r/xxxasian,,,,
Minor sexualization:,,,,
r/AgainstHatingPedos,,,,
r/ageplaypenpals,,,,
r/ageplaypenpals3,,,,
r/CatFact,,,,
r/ChurchOfKuro,,,,
r/CleanLoli,,,,
r/FBIOpenUp,,,,
r/fillyfiddlers,,,,
r/FuckingLoveLolis,,,,
r/GravityFallsRule34,,,,
r/HeyKidWannaSS,,,,
r/Holofan4life,,,,
r/jailbaitgonewild,,,,
r/Jailbaitstories,,,,
r/just_lolis,,,,
r/kawaiishinto,,,,
r/kidsarefuckinghorny,,,,
r/Lewlol,,,,
r/LoliBowsette,,,,
r/Lolice,,,,
r/loliconhideout,,,,
r/loliconsunite,,,,
r/LoliJustice,,,,
r/MeguminHentai,,,,
r/nsfwMegumin,,,,
r/Schierkeljerk,,,,
r/sleepinganimegirls,,,,
r/Smolicon,,,,
r/Smol_Loli,,,,
r/starlets,,,,
r/UnitedLolicons,,,,
r/wickr_freaks,,,,
Subreddits banned due to the [rule change] (https://www.reddit.com/r/blog/comments/pmj7f/a_necessary_change_in_policy/):,,,,
r/asianjailbait,,,,
r/assbait,,,,
r/bustybait,,,,
r/ChestyBait,,,,
r/ChildAppreciation,,,,
r/cutegirls,,,,
r/gayteenpics,,,,
r/JailbaitArchives,,,,
r/jailbaitgw,,,,
r/JailbaitJunkies,,,,
r/JailbaitVideos,,,,
r/Jailbait_NoSpam,,,,
r/Jailbate,,,,
r/justteens,,,,
r/Lolicon,,,,
r/malejailbait,,,,
r/MaleJailbaitArchives,,,,
r/newJailbait,,,,
r/niggerjailbait,,,,
r/nudistbeach,,,,
r/PicsOfDeadJailbait,,,,
r/Preteen_boys,,,,
r/preteen_girls,,,,
r/Purenudism,,,,
r/pro_teen_models,,,,
r/shotacon,,,,
r/TeenGirls,,,,
r/teens,,,,
r/teen_girls,,,,
r/Thenewjailbait,,,,
r/trapbait,,,,
Copyright infringement:,,,,
r/BelleDelphine,,,,
r/BestOfStreamingVideo,,,,
r/EPL,,,,
r/footballconnection,,,,
r/fullmoviesongoogle,,,,
r/megalinks,,,,
r/MMAStreams,,,,
r/nbastreams,,,,
r/nicesubstupid,,,,
r/OpieandAnthonyxyz,,,,
r/opienanthony,,,,
r/SeriousGaming,,,,
r/soccerstreams,,,,
r/soccerstreams69,,,,
r/SoccerstreamsOnline,,,,
r/SoccerStreamss,,,,
r/soccerstreamsstreamer,,,,
r/soccerstreams_other,,,,
r/soccerstreams_pl,,,,
Involuntary pornography:,,,,
r/accidentalnudity,,,,
r/cadaversgonewild,,,,
r/CelebFakes,,,,
r/celebrityfakes,,,,
r/deepfake,,,,
r/deepfakeNSFW,,,,
r/deepfakes,,,,
r/facesets,,,,
r/FakeNudes,,,,
r/Feet_From_The_Street,,,,
r/GayDeepFakes,,,,
r/GOTporn,,,,
r/IrishSluts,,,,
r/MaleCelebFakes,,,,
r/MaleCelebz,,,,
r/Photobucketplunder,,,,
r/SluttyStrangers,,,,
r/WouldYouFuckMySister,,,,
r/YouTubeFakes,,,,
Glorifying violence:,,,,
r/AnneFrankDiary,,,,
r/AntonioMartin,,,,
r/BurningKids,,,,
r/CringeAnarchy,,,,
r/Dontre_Hamilton,,,,
r/FreddieGray,,,,
r/frensworld,,,,
r/frenworld,,,,
r/googletown,,,,
r/Gore,,,,
r/hearpeopledie,,,,
r/kidswerefuckingstupid,,,,
r/PicsOfDeadCops,,,,
r/watchpeopledie,,,,
r/WhitesWinFights,,,,
Inciting harassment:,,,,
r/AFTERTHESTQRM,,,,
r/BiblicalQ,,,,
r/GreatAwakeningII,,,,
r/great_awaken,,,,
r/PatriotsFight,,,,
r/QAnon,,,,
r/QanonTools,,,,
r/QanonUK,,,,
r/Qanon_Serious,,,,
r/QProofs,,,,
r/TheCalmBeforeTheStorm,,,,
r/TheGreatAwakening,,,,
r/The_GreatAwakening,,,,
r/The_Swampwatch,,,,
r/WWG1WGA,,,,
Encouraging violence:,,,,
r/BixNood,,,,
r/CBTS_Stream,,,,
r/Detoilet,,,,
r/FreeToGo,,,,
r/GOREgousWomen,,,,
r/lifeiswonderful,,,,
r/muhdick,,,,
r/niggervideos,,,,
r/SanctionedSuicide,,,,
r/sjwhate,,,,
r/TrueSanctionedSuicide,,,,
r/uncensorednews,,,,
Doxxing:,,,,
r/altright,,,,
r/Clownworldwar,,,,
r/exgf,,,,
r/fighterfrens,,,,
r/greatawakening,,,,
r/picsofcaninedicks,,,,
r/pizzagate,,,,
r/SexWithDeadDogs,,,,
Inciting violence:,,,,
r/BlackCrime,,,,
r/blackpeoplehate,,,,
r/BuildingBombs,,,,
r/CuttersGoneWild,,,,
r/greatawakening,,,,
r/killniggers,,,,
r/Physical_Removal,,,,
r/TheWhiteRace,,,,
Inciting harm:,,,,
r/BeatingEllenPao,,,,
r/beatingfaggots,,,,
r/GasTheKikes,,,,
r/PhilosophyOfRape,,,,
r/RapingEllenPao,,,,
r/RapingWomen,,,,
Safety reasons:,,,,
r/badfattynodonut,,,,
r/fatpeoplehate,,,,
r/HamPlanetHatred,,,,
r/NeoFAG,,,,
r/ShitNiggersSay,,,,
r/Trans_fags,,,,
Violence:,,,,
r/BlackTeenagers,,,,
r/ChristchurchMemes,,,,
r/fourthreich,,,,
r/StopLGBTpreach,,,,
Encouraging harm:,,,,
r/proED,,,,
r/ProEDmemes,,,,
Impersonating:,,,,
r/LifeAfterHate,,,,
r/LifeAfterHateExitUSA,,,,
Interfering with Reddit:,,,,
r/Creepshots2,,,,
r/downvote_trolls,,,,
Marketplace Policy:,,,,
r/DarkWebLinks,,,,
r/deepweblinks,,,,
Vote manipulation:,,,,
r/critical_upvote_mass,,,,
r/madladgang,,,,
Animal abuse:,,,,
r/Zoophile,,,,
Bullying:,,,,
r/UglyMixedKids,,,,
Criminal activity:,,,,
r/ShopliftingRP,,,,
Glorifying sexual violence:,,,,
r/Rapeworthy_Feminists,,,,
Other:,,,,
r/com,,,,
r/jailbait,,,,
r/leftwithsharpedge,,,,
r/reddit,,,,
No reason given:,,,,
r/111111111111,,,,
r/12345,,,,
r/123456,,,,
r/123456789,,,,
r/12thworldproblems,,,,
r/13451452251849519,,,,
r/18datingwomenforsex,,,,
r/1AB,,,,
r/2321343,,,,
r/3_Rust_East_Coast,,,,
r/420yolo,,,,
r/6969,,,,
r/7up,,,,
r/AAAAA,,,,
r/aaaaaaaaaa,,,,
r/aaaaaaaaaaa,,,,
r/AbortionFetish,,,,
r/abuseporn,,,,
r/AcademicWriting,,,,
r/accommodation,,,,
r/account,,,,
r/accusation,,,,
r/ACORN,,,,
r/Activity,,,,
r/acute,,,,
r/address,,,,
r/AdolfHitler,,,,
r/Adopt,,,,
r/advance,,,,
r/AdviceAnimaIs,,,,
r/AerialAngelJade,,,,
r/affront,,,,
r/AFNF,,,,
r/Against,,,,
r/agorareloaded,,,,
r/Agora_Registration,,,,
r/allblacksvsspringboks,,,,
r/Alley,,,,
r/All_Hail_Chi_Fung,,,,
r/also,,,,
r/AlternativeRight,,,,
r/AltRight2,,,,
r/altright3,,,,
r/altright4,,,,
r/altright5,,,,
r/altright7,,,,
r/AltRight8,,,,
r/altright9,,,,
r/AltRight10,,,,
r/altright11,,,,
r/ALUMIN,,,,
r/always,,,,
r/AmaCheers,,,,
r/AmateurArchives,,,,
r/AmateurBeauties,,,,
r/amazondeals,,,,
r/amuse,,,,
r/angle,,,,
r/Anklets,,,,
r/announce,,,,
r/Answer,,,,
r/anticipation,,,,
r/AntiLGBT,,,,
r/anti_tranny,,,,
r/Apartment,,,,
r/appear,,,,
r/application,,,,
r/apply,,,,
r/Approach,,,,
r/Approve,,,,
r/aquatics,,,,
r/Are,,,,
r/ArianaGrandeLeaks,,,,
r/ArizonaCardinals,,,,
r/ArizonaSmith,,,,
r/around,,,,
r/Arsenic,,,,
r/Article,,,,
r/ashlemadisonhack,,,,
r/Asian_Sluts,,,,
r/Attitude,,,,
r/Attorney,,,,
r/AubreyPlazaLeaks,,,,
r/avenge,,,,
r/Avenue,,,,
r/Awake,,,,
r/BabesPornPlace,,,,
r/BABU,,,,
r/Band_Groupies,,,,
r/BankMoney,,,,
r/bannedfromme_irl,,,,
r/BarcaLiverpoll,,,,
r/barcaliverpool501,,,,
r/BareMaidens,,,,
r/BareNecessities,,,,
r/bbbbbbbbbbbbbb,,,,
r/bbbbbbbbbbbbbbb,,,,
r/BBCGirls,,,,
r/BeccaTobinLeaks,,,,
r/BelleDelphineLeaked,,,,
r/bestofcoontown,,,,
r/bestofluck,,,,
r/bestofparty,,,,
r/BFD,,,,
r/BisexualSex,,,,
r/blacklivesmattertoo,,,,
r/Blacks,,,,
r/blueeyes,,,,
r/bluemonkeys,,,,
r/BNP,,,,
r/Board,,,,
r/BobbiStarr,,,,
r/BoltOns,,,,
r/BombIran,,,,
r/Boyfriend,,,,
r/Bracelets,,,,
r/braintubs,,,,
r/BrieLarsonLeaks,,,,
r/Btlondon2012,,,,
r/Budster,,,,
r/BurningAngel,,,,
r/ccfraud,,,,
r/cga,,,,
r/ChadLeft,,,,
r/CheapStuffOnAmazon,,,,
r/ChildGrape,,,,
r/childpornography,,,,
r/childrape,,,,
r/CHURCHofFatPeopleHate,,,,
r/CIRCLEJERKERS,,,,
r/cloud_computing,,,,
r/coles,,,,
r/CollegeAthletes,,,,
r/CoonTown,,,,
r/Coontown2,,,,
r/coontown4,,,,
r/CoonTownMeta,,,,
r/CoonTownMods,,,,
r/CreepShots,,,,
r/Creepshots1,,,,
r/CreepShots3,,,,
r/creepshots4,,,,
r/crystalscheatsrt,,,,
r/CSpromod,,,,
r/CuteFemaleCorpses,,,,
r/cybersex,,,,
r/dancer,,,,
r/darknetmarketsOZ,,,,
r/Darknet_Markets,,,,
r/DarkWebMarkets,,,,
r/dating456,,,,
r/ddos,,,,
r/deadcats,,,,
r/deepfakes2,,,,
r/deepfakes3,,,,
r/deepfakes4,,,,
r/deepfakes5,,,,
r/deepflakes,,,,
r/destroy,,,,
r/DHW,,,,
r/DigitalDesire,,,,
r/DiscoNunu,,,,
r/Disgustingfatpersons,,,,
r/ditka,,,,
r/DIVA,,,,
r/DiveDog,,,,
r/DNMUK,,,,
r/DNPSourcetalk,,,,
r/dogsex,,,,
r/DogsWearingSocks,,,,
r/doppelbangher,,,,
r/DOW,,,,
r/DownWithFatties,,,,
r/DoxMe,,,,
r/draw,,,,
r/DrawnPorn,,,,
r/dsmslowpitch,,,,
r/durianfruit,,,,
r/EaglesFootball,,,,
r/ebonygame,,,,
r/edefreiheit,,,,
r/EduAction,,,,
r/elliotrodger,,,,
r/EnoughInternet0,,,,
r/Enoughinternet100,,,,
r/enoughinternet1000,,,,
r/enoughinternet11,,,,
r/EnoughInternetCensor,,,,
r/envelopes,,,,
r/ERASURE,,,,
r/Erotic_Life,,,,
r/esdhtrvv2fdf,,,,
r/espninsider,,,,
r/ethnohan,,,,
r/EuroTruckSimMP,,,,
r/EverydayRacism,,,,
r/EvilAngel,,,,
r/ExampleForum,,,,
r/exterminatethewhites,,,,
r/extrawackytictacs,,,,
r/FairToMiddling,,,,
r/fakeid,,,,
r/FakeMadeReal,,,,
r/FanEnergy,,,,
r/fapator,,,,
r/Fappening,,,,
r/Fast_Food,,,,
r/FatNiggerHate,,,,
r/fatpeopIehate,,,,
r/fatpeopleantipathy,,,,
r/fatpeopleha,,,,
r/fatpeoplehate0,,,,
r/FatPeopleHate02,,,,
r/fatpeoplehate10,,,,
r/fatpeoplehate100,,,,
r/fatpeoplehate11,,,,
r/fatpeoplehate115,,,,
r/fatpeoplehate12,,,,
r/fatpeoplehate13,,,,
r/fatpeoplehate15,,,,
r/fatpeoplehate16,,,,
r/fatpeoplehate2,,,,
r/fatpeoplehate20,,,,
r/fatpeoplehate200,,,,
r/fatpeoplehate21,,,,
r/fatpeoplehate24,,,,
r/FatPeopleHate25,,,,
r/fatpeoplehate26,,,,
r/fatpeoplehate29,,,,
r/fatpeoplehate301,,,,
r/fatpeoplehate33,,,,
r/fatpeoplehate420,,,,
r/fatpeoplehate43,,,,
r/fatpeoplehate442,,,,
r/fatpeoplehate51,,,,
r/fatpeoplehate58,,,,
r/FatPeopleHate70,,,,
r/Fatpeoplehate747,,,,
r/fatpeoplehate90,,,,
r/fatpeoplehate9000,,,,
r/fatpeoplehate95,,,,
r/fatpeoplehate98,,,,
r/FatPeopleHateHD,,,,
r/fatpeoplehatred,,,,
r/FatPeopleLoathing,,,,
r/fatpeopleshamming,,,,
r/fatpeoplerape,,,,
r/fatpersonhate,,,,
r/FatPersonsLove,,,,
r/FatPolice,,,,
r/FatRolls,,,,
r/FatSnaps,,,,
r/fatterpeoplehate,,,,
r/fattypeople,,,,
r/femaleentrails,,,,
r/femaleincels,,,,
r/Femcels,,,,
r/find_out_girls,,,,
r/fkugapple,,,,
r/FLI,,,,
r/flood,,,,
r/forget,,,,
r/fph3,,,,
r/fph7,,,,
r/fratdeals,,,,
r/Fraudnet,,,,
r/Fraudnet2,,,,
r/Fraudnet3,,,,
r/Fraudnet4,,,,
r/Fraudnet5,,,,
r/Fraudnet6,,,,
r/FreePSNCodesGenerator,,,,
r/Friendshipday,,,,
r/Friendshipday2015,,,,
r/fuckgallowboob,,,,
r/FuckJews,,,,
r/fuckniggers,,,,
r/FullMoviesOnPutLocker,,,,
r/funn,,,,
r/funRAPINGWOMENstories,,,,
r/FurriesAreSubhuman,,,,
r/FutanariLand,,,,
r/FutureSchoolShooters,,,,
r/GallowBoobIsAPedo,,,,
r/gallowboobsucks,,,,
r/GameofTrolls,,,,
r/gastheniggers,,,,
r/GeneralMotorsCo,,,,
r/GetYourStream,,,,
r/gfblr,,,,
r/gift_help,,,,
r/girlfriend,,,,
r/Girlfriendcraft,,,,
r/girlsdoporn,,,,
r/girlsinshorts,,,,
r/glue,,,,
r/GnuLoL,,,,
r/GoodBye,,,,
r/googlesub,,,,
r/GunnitHallOfShame,,,,
r/gunnithallofshame2,,,,
r/GWBabes,,,,
r/h4x0r,,,,
r/HairStyles,,,,
r/HamHatred,,,,
r/hardsci,,,,
r/Hatredoffatpeople,,,,
r/Hawtschwitz,,,,
r/HDMoviesLinks,,,,
r/hdstripteasepics,,,,
r/heartstation,,,,
r/HentaiGirls2D,,,,
r/HentaiLoli,,,,
r/Hentaygirls,,,,
r/highBMIhate,,,,
r/highlighters,,,,
r/HighresWebm,,,,
r/hippie,,,,
r/Hohohaha,,,,
r/holdemcheatrts,,,,
r/Hookers,,,,
r/HopeSoloLeaks,,,,
r/HorseSex,,,,
r/HRD2015,,,,
r/hzj,,,,
r/Ihatefat,,,,
r/ihateniggers,,,,
r/IHeartFatPeople,,,,
r/illegaltorrents,,,,
r/impostors,,,,
r/Incel,,,,
r/Incels2,,,,
r/Incels4,,,,
r/Incels5,,,,
r/Incels6,,,,
r/Incels7,,,,
r/incels8,,,,
r/indymedia,,,,
r/InvoluntaryCelibate,,,,
r/IslamiicState,,,,
r/Isopod,,,,
r/itachi_circlejerk,,,,
r/jart,,,,
r/jasonaldean,,,,
r/JenniferLawrenceLeaks,,,,
r/JerseysOnSale,,,,
r/JewFoundLand,,,,
r/jewhate,,,,
r/jewsgood,,,,
r/job,,,,
r/JordanHinsonLeaks,,,,
r/JustBeBlack,,,,
r/Justice_League,,,,
r/kaka,,,,
r/kangz,,,,
r/karmastories,,,,
r/kaskus,,,,
r/KateUptonLeaks,,,,
r/keppry,,,,
r/kfs,,,,
r/Kidsandart1,,,,
r/kikes,,,,
r/KillAllNiggers,,,,
r/KillingWomen,,,,
r/kindlefree,,,,
r/KingOfIsrael,,,,
r/KirstenDunstLeaks,,,,
r/klan,,,,
r/Knight,,,,
r/koontown,,,,
r/kylepaxton,,,,
r/lambos,,,,
r/Lame,,,,
r/landwhales,,,,
r/lardfashionpolice,,,,
r/largehumanloathing,,,,
r/LargePeopleAnimosity,,,,
r/LargePeopleHate,,,,
r/LeaMicheleLeaks,,,,
r/LegalLoliHentai,,,,
r/lemonde,,,,
r/LGBTP,,,,
r/lgofficial,,,,
r/limpopo,,,,
r/LinuxNewsToday,,,,
r/listofbannedsubs,,,,
r/LizLeeLeaks,,,,
r/Loli,,,,
r/Lolicock,,,,
r/Lolicons,,,,
r/LoliFeet,,,,
r/Lolihaven,,,,
r/LoliHentai,,,,
r/lolipee,,,,
r/loliporn,,,,
r/lolis,,,,
r/LoliShota,,,,
r/Low,,,,
r/male_escort,,,,
r/Manny,,,,
r/Mayocide,,,,
r/McKaylaMaroneyLeaks,,,,
r/meetandfuck,,,,
r/megabed,,,,
r/MelaniaTrumpNude,,,,
r/Melania_TrumpNude,,,,
r/Melania_Trump_naked,,,,
r/MelissaBenoistLeaks,,,,
r/MetaPowers,,,,
r/metaredditcancer,,,,
r/MidOhioValley,,,,
r/Million,,,,
r/minas_minas,,,,
r/mindthegap,,,,
r/MIne,,,,
r/mirrorgirls,,,,
r/Miss,,,,
r/Mission,,,,
r/mitten_flippin,,,,
r/MomsWivesMILFs,,,,
r/money_makeing_online,,,,
r/MonsterHentai,,,,
r/MovieNudes,,,,
r/MPL,,,,
r/MsCraft,,,,
r/multis,,,,
r/Mureke,,,,
r/Narratives,,,,
r/NaturalBoobs,,,,
r/nazi2,,,,
r/NBAHD,,,,
r/NBB,,,,
r/Necklaces,,,,
r/Neofag2,,,,
r/Neofag3,,,,
r/NeoFAGx,,,,
r/new,,,,
r/NewFappening,,,,
r/NewGameXXX,,,,
r/Nfls,,,,
r/nflsb,,,,
r/nflstreaming,,,,
r/niggars,,,,
r/Nigger,,,,
r/niggerandhitlerjokes8,,,,
r/niggerhate,,,,
r/niggerhitlerjokes10,,,,
r/niggers,,,,
r/NigWatch,,,,
r/Nobodywillnotice,,,,
r/nonGMO,,,,
r/noSRS,,,,
r/Notafathatesub,,,,
r/NotAllowedtoMakeSubs,,,,
r/NotLoli,,,,
r/NovelDissos,,,,
r/nsfwasians,,,,
r/nsfwdeepfakes,,,,
r/nsfw_snaps,,,,
r/NUDE_Melania_Trump,,,,
r/Nuns,,,,
r/Ny0wNy34R,,,,
r/ObeastAppreciation,,,,
r/obesetown,,,,
r/OBESE_NIGGERS,,,,
r/obesityrules,,,,
r/OddThoughts,,,,
r/optingout,,,,
r/Ostergotland,,,,
r/OvalBroke,,,,
r/OverweightAwareness,,,,
r/ovipets,,,,
r/PainRelief,,,,
r/Palace,,,,
r/PALY,,,,
r/pamtheprinter,,,,
r/pantsinggirls,,,,
r/paout,,,,
r/paperclip,,,,
r/ParticipaIUCordoba,,,,
r/pedo,,,,
r/pedophile,,,,
r/Pedophiles,,,,
r/pedophilia,,,,
r/Pedos,,,,
r/Pedosexual,,,,
r/pedosexuality,,,,
r/Pedosexuals,,,,
r/pen,,,,
r/pettankohentai,,,,
r/PetitFour,,,,
r/pettanko,,,,
r/Pewdiepie_Submissions,,,,
r/Phantom,,,,
r/photoplunder,,,,
r/Pick,,,,
r/picsofdeadniggers,,,,
r/Pinochet,,,,
r/PlayDohMath,,,,
r/Pogba,,,,
r/poiuy,,,,
r/Pole,,,,
r/Pomf,,,,
r/portaldoge,,,,
r/Prankcalls,,,,
r/preciousgemstones,,,,
r/preteengirls,,,,
r/PresidentObama,,,,
r/PublicHealthAwareness,,,,
r/PublicHealthWatch,,,,
r/rambutan,,,,
r/RapingPreTeens,,,,
r/rapeporn,,,,
r/rapist,,,,
r/rapper,,,,
r/reactiongiffles,,,,
r/realdownblouse,,,,
r/reconstitution,,,,
r/reddd,,,,
r/RedditRequests,,,,
r/Reddit_Boob_Cancer,,,,
r/RemoveKebab,,,,
r/Replay,,,,
r/retarded,,,,
r/rides,,,,
r/rightyfriends,,,,
r/River,,,,
r/rte,,,,
r/Rule34NoCensorship,,,,
r/rulethirtygirl,,,,
r/Sacremento,,,,
r/SadieCalvano,,,,
r/SamHydeFanCult,,,,
r/SchoolGirl,,,,
r/Scopolamina,,,,
r/sdfgsduif,,,,
r/slecni,,,,
r/SelenaGomezLeaks,,,,
r/selfedu,,,,
r/sephlawlesslies,,,,
r/sexwithgaydogs,,,,
r/sexwithpigs,,,,
r/SexyWalls,,,,
r/Shadowmods,,,,
r/shaved,,,,
r/Sheboons,,,,
r/sheever,,,,
r/ShemaleCartoons,,,,
r/shirtwascash,,,,
r/ShitLordKingdom,,,,
r/shitlords_unite,,,,
r/Shitty_Mailbox_Mods,,,,
r/Shoplifting,,,,
r/ShoresOfHell,,,,
r/SHOT,,,,
r/shota,,,,
r/Shotacons,,,,
r/shotacub,,,,
r/skinnyasianchickhate,,,,
r/skinnypeoplehate,,,,
r/SKYSports36,,,,
r/slutsbedrunk,,,,
r/sluts_love_cum,,,,
r/slut_pics,,,,
r/snapchatsluts,,,,
r/soccerstream,,,,
r/soccerstreamsnew,,,,
r/soccerstreamsred,,,,
r/soccerstreams_new,,,,
r/SoftcoreGirls,,,,
r/SongStems,,,,
r/SonyGOP,,,,
r/SororityGirls,,,,
r/Sousvideuk,,,,
r/SpezIsACunt,,,,
r/SpicWatch,,,,
r/SportsBlogs,,,,
r/SSSubredditSSS,,,,
r/StanVanPelt,,,,
r/Steroidsourcetalk,,,,
r/steriodsourcetalk2,,,,
r/stonehurlingjuice,,,,
r/StraightShota,,,,
r/StreamersReact,,,,
r/StruggleHentai,,,,
r/suicidetips,,,,
r/suicide_methods,,,,
r/SuPerBall,,,,
r/SWBFSWBFSWBFSWBF,,,,
r/TacticalLolis,,,,
r/TamilPost,,,,
r/TeenPics,,,,
r/teen_girls_for_sex,,,,
r/TehFappening,,,,
r/TeresaPalmerLeaks,,,,
r/terminatorgenisys15,,,,
r/TG2WAC,,,,
r/tha_pit_pit_pit_pit,,,,
r/theadminsarelosingit,,,,
r/TheBestOfAmazon,,,,
r/TheFappenin,,,,
r/TheFappening,,,,
r/Thefappening3,,,,
r/TheFappening4,,,,
r/thefappening5,,,,
r/thegiver,,,,
r/TheLoliLocker,,,,
r/theorybroke,,,,
r/TheSecondCumming,,,,
r/thewhiterace2,,,,
r/thissubredditisbanned,,,,
r/tight_butthole,,,,
r/TIRe,,,,
r/todcon,,,,
r/ToeRings,,,,
r/TorMarket,,,,
r/Torque,,,,
r/Trainers,,,,
r/TrannyInsanity,,,,
r/trannytown,,,,
r/Tranny_Holocaust,,,,
r/transaids,,,,
r/transfags,,,,
r/transgender_hate,,,,
r/treelot,,,,
r/TrueLoli,,,,
r/TrumpThreats,,,,
r/truthandlove,,,,
r/TrytoDoxMe,,,,
r/tyhopisafogit,,,,
r/ufc190rouvscour,,,,
r/UFC_on_FOX_190,,,,
r/uglytrannies,,,,
r/ulaninitpista,,,,
r/UNCENSOREDREDDIT,,,,
r/unhealthylifestyles,,,,
r/UnlockedRedditAds,,,,
r/uperlabuyof,,,,
r/Urilia,,,,
r/usanbutinjo,,,,
r/VictoriaJusticeLeaks,,,,
r/VotesandLikes,,,,
r/Voyeur,,,,
r/w4b,,,,
r/warinc,,,,
r/WatchChildrenDie,,,,
r/WatchNiggersDie,,,,
r/Weberatefatpeople,,,,
r/wedislikefatpeople,,,,
r/WesternBoyLoveComics,,,,
r/wetgirls,,,,
r/womenwithbraces,,,,
r/WPDtalk,,,,
r/WrestleMania,,,,
r/wwepayback2015,,,,
r/WWE_Summerslam_2015,,,,
r/WWG1WGA01,,,,
r/xboybroadcast,,,,
r/xray,,,,
r/xsdgfudsg,,,,
r/Xsmall,,,,
r/XXXTUBE,,,,
r/xxxtube24,,,,
r/YCHS,,,,
r/zkplank,,,,
r/ZoeQuinn,,,,
r/ZoeQuinnConspiracy,,,,
r/zoera,,,,
r/ZooSex,,,,
r/zoosexual,,,,
r/tgirl_self_suck,,,,
r/theincelpill,,,,
r/femaleincels,,,,